{"app.py": 1747832465.2644298, "auth.py": 1747799680.6390133, "db.py": 1747799724.7071016, "pages\\dashboard.py": 1747833221.5531929, "pages\\login.py": 1747818844.7653358, "pages\\__init__.py": 1747799948.895048, "utils\\file_checker.py": 1747833178.5820427, "utils\\predictions.py": 1747805136.1533647, "utils\\visualization.py": 1747799818.5671103, "utils\\__init__.py": 1747832804.4577992}